Name,Barcode,C. Code,Supplier,Product Type,Category,Sub Category,Aging,Target,final price,Final PUR,Status
F007702,F007702,23Q5,LA PARAH,PURSES,BAGS & WALLETS,WALLETS,24Q1,,249,51.99772368,2. Barcode Printed
F007763,F007763,23Q5,LA PARAH,PURSES,BAGS & WALLETS,WALLETS,24Q1,,349,113.4495789,2. Barcode Printed
F007764,F007764,23Q5,LA PARAH,KEY RINGS,FASHION ACCESSORIES,KEY RINGS,24Q1,ALL,199,34.90756275,2. Barcode Printed
F007765,F007765,23Q5,LA PARAH,KEY RINGS,FASHION ACCESSORIES,KEY RINGS,24Q1,ALL,149,32.72584008,2. Barcode Printed
F007766,F007766,23Q5,LA PARAH,TOWELS,HOME & LIVING,BATHROOM,24Q1,LADY,199,66.90616194,2. Barcode Printed
F007767,F007767,23Q5,LA PARAH,TOWELS,HOME & LIVING,BATHROOM,24Q1,LADY,649,158.9021346,2. Barcode Printed
F007768,F007768,23Q5,LA PARAH,TOWELS,HOME & LIVING,BATHROOM,24Q1,LADY,1449,376.3471609,2. Barcode Printed
F007769,F007769,23Q5,LA PARAH,TOWELS,HOME & LIVING,BATHROOM,24Q1,LADY,1149,292.7144585,2. Barcode Printed
F007770,F007770,23Q5,LA PARAH,TOWELS,HOME & LIVING,BATHROOM,24Q1,LADY,299,192.3552156,2. Barcode Printed
F007771,F007771,23Q5,LA PARAH,TOWELS,HOME & LIVING,BATHROOM,24Q1,LADY,1149,292.7144585,2. Barcode Printed
F007772,F007772,23Q5,LA PARAH,TOWELS,HOME & LIVING,BATHROOM,24Q1,LADY,649,158.9021346,2. Barcode Printed
F007773,F007773,23Q5,LA PARAH,SUNGLASSES,FASHION ACCESSORIES,SUNGLASSES,24Q1,KIDS,399,83.63270242,2. Barcode Printed
F007774,F007774,23Q5,LA PARAH,SUNGLASSES,FASHION ACCESSORIES,SUNGLASSES,24Q1,KIDS,399,98.17752023,2. Barcode Printed
F007775,F007775,23Q5,LA PARAH,SUNGLASSES,FASHION ACCESSORIES,SUNGLASSES,24Q1,KIDS,399,79.99649797,2. Barcode Printed
F007776,F007776,23Q5,LA PARAH,SUNGLASSES,FASHION ACCESSORIES,SUNGLASSES,24Q1,KIDS,399,76.36029351,2. Barcode Printed
F007777,F007777,23Q5,LA PARAH,SUNGLASSES,FASHION ACCESSORIES,SUNGLASSES,24Q1,KIDS,399,83.63270242,2. Barcode Printed
F007778,F007778,23Q5,LA PARAH,SUNGLASSES,FASHION ACCESSORIES,SUNGLASSES,24Q1,KIDS,399,87.26890687,2. Barcode Printed
F007779,F007779,23Q5,LA PARAH,SUNGLASSES,FASHION ACCESSORIES,SUNGLASSES,24Q1,LADY,699,130.9033603,2. Barcode Printed
F007780,F007780,23Q5,LA PARAH,SUNGLASSES,FASHION ACCESSORIES,SUNGLASSES,24Q1,LADY,799,141.8119737,2. Barcode Printed
F007781,F007781,23Q5,LA PARAH,SUNGLASSES,FASHION ACCESSORIES,SUNGLASSES,24Q1,LADY,699,79.99649797,2. Barcode Printed
F007782,F007782,23Q5,LA PARAH,SUNGLASSES,FASHION ACCESSORIES,SUNGLASSES,24Q1,LADY,549,94.54131578,2. Barcode Printed
F007783,F007783,23Q5,LA PARAH,SUNGLASSES,FASHION ACCESSORIES,SUNGLASSES,24Q1,LADY,599,109.0861336,2. Barcode Printed
F007784,F007784,23Q5,LA PARAH,SUNGLASSES,FASHION ACCESSORIES,SUNGLASSES,24Q1,LADY,799,181.8102227,2. Barcode Printed
F007785,F007785,23Q5,LA PARAH,SUNGLASSES,FASHION ACCESSORIES,SUNGLASSES,24Q1,LADY,399,116.3585425,2. Barcode Printed
F007786,F007786,23Q5,LA PARAH,SUNGLASSES,FASHION ACCESSORIES,SUNGLASSES,24Q1,LADY,549,152.720587,2. Barcode Printed
F007787,F007787,23Q5,LA PARAH,SUNGLASSES,FASHION ACCESSORIES,SUNGLASSES,24Q1,LADY,399,109.0861336,2. Barcode Printed
F007788,F007788,23Q5,LA PARAH,SUNGLASSES,FASHION ACCESSORIES,SUNGLASSES,24Q1,LADY,599,152.720587,2. Barcode Printed
F007789,F007789,23Q5,LA PARAH,SUNGLASSES,FASHION ACCESSORIES,SUNGLASSES,24Q1,LADY,599,109.0861336,2. Barcode Printed
F007790,F007790,23Q5,LA PARAH,SUNGLASSES,FASHION ACCESSORIES,SUNGLASSES,24Q1,LADY,1099,239.9894939,2. Barcode Printed
F007835,F007835,23Q5,LA PARAH,BOARD GAMES,TOYS,BOARD GAMES AND PUZZLES,24Q1,KIDS,799,203.6274494,2. Barcode Printed
F007836,F007836,23Q5,LA PARAH,BOARD GAMES,TOYS,BOARD GAMES AND PUZZLES,24Q1,KIDS,799,203.6274494,2. Barcode Printed
F007837,F007837,23Q5,LA PARAH,BOARD GAMES,TOYS,BOARD GAMES AND PUZZLES,24Q1,KIDS,799,203.6274494,2. Barcode Printed
F007838,F007838,23Q5,LA PARAH,BOARD GAMES,TOYS,BOARD GAMES AND PUZZLES,24Q1,KIDS,799,203.6274494,2. Barcode Printed
F007839,F007839,23Q5,LA PARAH,BOARD GAMES,TOYS,BOARD GAMES AND PUZZLES,24Q1,KIDS,799,203.6274494,2. Barcode Printed
F007840,F007840,23Q5,LA PARAH,BOARD GAMES,TOYS,BOARD GAMES AND PUZZLES,24Q1,KIDS,799,203.6274494,2. Barcode Printed
F007841,F007841,23Q5,LA PARAH,BOARD GAMES,TOYS,BOARD GAMES AND PUZZLES,24Q1,KIDS,799,218.1722672,2. Barcode Printed
F007842,F007842,23Q5,LA PARAH,BOARD GAMES,TOYS,BOARD GAMES AND PUZZLES,24Q1,KIDS,799,218.1722672,2. Barcode Printed
F008118,F008118,23Q5,LA PARAH,SNOWBALLS,HOME & LIVING,HOME DECOR,24Q1,,399,137.993959,2. Barcode Printed
F008120,F008120,23Q5,LA PARAH,SNOWBALLS,HOME & LIVING,HOME DECOR,24Q1,,449,154.7204995,2. Barcode Printed
F008121,F008121,23Q5,LA PARAH,SNOWBALLS,HOME & LIVING,HOME DECOR,24Q1,,549,175.6286751,2. Barcode Printed
F008395,1.0002E+12,23Q5,LA PARAH,SNOWBALLS,HOME & LIVING,HOME DECOR,24Q1,ALL,199,45.99798633,2. Barcode Printed
F008397,2.021E+12,23Q5,LA PARAH,SNOWBALLS,HOME & LIVING,HOME DECOR,24Q1,ALL,199,45.99798633,2. Barcode Printed
F008398,1.00012E+12,23Q5,LA PARAH,SNOWBALLS,HOME & LIVING,HOME DECOR,24Q1,ALL,199,45.99798633,2. Barcode Printed
F008406,1.0002E+12,23Q5,LA PARAH,SNOWBALLS,HOME & LIVING,HOME DECOR,24Q1,ALL,199,45.99798633,2. Barcode Printed
F008412,2.02301E+12,23Q5,LA PARAH,SNOWBALLS,HOME & LIVING,HOME DECOR,24Q1,ALL,249,62.72452682,2. Barcode Printed
F008127,F008127,23Q5,LA PARAH,,,,24Q1,LADY,4499,1371,2. Barcode Printed
F008400,6.97512E+12,23Q5,LA PARAH,SNOWBALLS,HOME & LIVING,HOME DECOR,24Q1,ALL,199,45.99798633,2. Barcode Printed
F008403,2.30211E+12,23Q5,LA PARAH,SNOWBALLS,HOME & LIVING,HOME DECOR,24Q1,ALL,199,45.99798633,2. Barcode Printed
F008408,2.01101E+12,23Q5,LA PARAH,SNOWBALLS,HOME & LIVING,HOME DECOR,24Q1,ALL,199,45.99798633,2. Barcode Printed
F008411,2.022E+12,23Q5,LA PARAH,SNOWBALLS,HOME & LIVING,HOME DECOR,24Q1,ALL,199,45.99798633,2. Barcode Printed
F008119,F008119,23Q5,LA PARAH,SNOWBALLS,HOME & LIVING,HOME DECOR,24Q1,ALL,449,154.7204995,2. Barcode Printed
F008129,6.97203E+12,23Q5,LA PARAH,WATER BOTTLES,HOME & LIVING,KITCHEN & DINING,24Q1,LADY,749,246.7164721,2. Barcode Printed
F008303,F008303,23Q5,LA PARAH,CUPS & MUGS,HOME & LIVING,KITCHEN & DINING,24Q1,KIDS,799,167.2654048,2. Barcode Printed
F008304,F008304,23Q5,LA PARAH,CUPS & MUGS,HOME & LIVING,KITCHEN & DINING,24Q1,KIDS,799,167.2654048,2. Barcode Printed
F008305,F008305,23Q5,LA PARAH,CUPS & MUGS,HOME & LIVING,KITCHEN & DINING,24Q1,KIDS,799,167.2654048,2. Barcode Printed
F008306,F008306,23Q5,LA PARAH,CUPS & MUGS,HOME & LIVING,KITCHEN & DINING,24Q1,KIDS,799,167.2654048,2. Barcode Printed
F008307,F008307,23Q5,LA PARAH,CUPS & MUGS,HOME & LIVING,KITCHEN & DINING,24Q1,KIDS,799,167.2654048,2. Barcode Printed
F008308,F008308,23Q5,LA PARAH,CUPS & MUGS,HOME & LIVING,KITCHEN & DINING,24Q1,KIDS,799,158.9021346,2. Barcode Printed
F008309,6.92575E+12,23Q5,LA PARAH,CUPS & MUGS,HOME & LIVING,KITCHEN & DINING,24Q1,KIDS,599,234.1715668,2. Barcode Printed
F008311,6.92797E+12,23Q5,LA PARAH,LUNCH BOXES,HOME & LIVING,KITCHEN & DINING,24Q1,KIDS,499,100.3592429,2. Barcode Printed
F008312,F008312,23Q5,LA PARAH,LUNCH BOXES,HOME & LIVING,KITCHEN & DINING,24Q1,KIDS,499,158.9021346,2. Barcode Printed
F008313,F008313,23Q5,LA PARAH,LUNCH BOXES,HOME & LIVING,KITCHEN & DINING,24Q1,KIDS,499,100.3592429,2. Barcode Printed
F008314,6.92797E+12,23Q5,LA PARAH,LUNCH BOXES,HOME & LIVING,KITCHEN & DINING,24Q1,KIDS,1199,259.2613775,2. Barcode Printed
F008316,F008316,23Q5,LA PARAH,CUPS WITH STRAW,HOME & LIVING,KITCHEN & DINING,24Q1,KIDS,549,133.8123239,2. Barcode Printed
F008381,F008381,23Q5,LA PARAH,CUPS & MUGS,HOME & LIVING,KITCHEN & DINING,24Q1,KIDS,549,217.4450263,2. Barcode Printed
F008385,6.97324E+12,23Q5,LA PARAH,CUPS & MUGS,HOME & LIVING,KITCHEN & DINING,24Q1,KIDS,899,275.987918,2. Barcode Printed
F008386,6.97324E+12,23Q5,LA PARAH,CUPS & MUGS,HOME & LIVING,KITCHEN & DINING,24Q1,KIDS,999,188.1735804,2. Barcode Printed
F007843,F007843,23Q5,LA PARAH,FANS PORTABLE,ELECTRONIC,ELECTRONIC,24Q1,KIDS,249,71.26960728,2. Barcode Printed
F007844,F007844,23Q5,LA PARAH,BEAUTY BLENDERS,HEALTH & BEAUTY,BEAUTY ACCESSORIES,24Q1,LADY,79,15.05388644,2. Barcode Printed
F007845,F007845,23Q5,LA PARAH,FOOT POLISHING,HEALTH & BEAUTY,BEAUTY TOOLS,24Q1,LADY,99,14.54481781,2. Barcode Printed
F007846,F007846,23Q5,LA PARAH,BEAUTY BLENDERS,HEALTH & BEAUTY,BEAUTY ACCESSORIES,24Q1,LADY,249,15.05388644,2. Barcode Printed
F007847,F007847,23Q5,LA PARAH,FOOT POLISHING,HEALTH & BEAUTY,BEAUTY TOOLS,24Q1,LADY,149,25.45343117,2. Barcode Printed
F007848,F007848,23Q5,LA PARAH,RAZORS,HEALTH & BEAUTY,BEAUTY TOOLS,24Q1,LADY,149,37.81652631,2. Barcode Printed
F007849,F007849,23Q5,LA PARAH,RAZORS,HEALTH & BEAUTY,BEAUTY TOOLS,24Q1,LADY,199,45.08893522,2. Barcode Printed
F007850,F007850,23Q5,LA PARAH,TRIMMERS,HEALTH & BEAUTY,BEAUTY TOOLS,24Q1,LADY,99,39.99824898,2. Barcode Printed
F007851,F007851,23Q5,LA PARAH,CUTTER,STATIONERY,SCHOOL SUPPLIES,24Q1,LADY,149,32.72584008,2. Barcode Printed
F007852,F007852,23Q5,LA PARAH,TWEEZERS,HEALTH & BEAUTY,BEAUTY TOOLS,24Q1,LADY,149,32.72584008,2. Barcode Printed
F007853,F007853,23Q5,LA PARAH,TWEEZERS,HEALTH & BEAUTY,BEAUTY TOOLS,24Q1,LADY,149,15.99929959,2. Barcode Printed
F007854,F007854,23Q5,LA PARAH,COTTON BUDS,HEALTH & BEAUTY,BEAUTY TOOLS,24Q1,LADY,249,47.27065789,2. Barcode Printed
WD-5228,6.95918E+12,23Q5,LA PARAH,BEAUTY BLENDERS,HEALTH & BEAUTY,BEAUTY ACCESSORIES,24Q1,LADY,249,54.36125657,2. Barcode Printed
F007856,F007856,23Q5,LA PARAH,EYE LIDS,HEALTH & BEAUTY,BEAUTY ACCESSORIES,24Q1,LADY,99,12.36309514,2. Barcode Printed
F007857,F007857,23Q5,LA PARAH,EYE LIDS,HEALTH & BEAUTY,BEAUTY ACCESSORIES,24Q1,LADY,99,32.72584008,2. Barcode Printed
F007858,F007858,23Q5,LA PARAH,FANS PORTABLE,ELECTRONIC,ELECTRONIC,24Q1,LADY,249,56.72478947,2. Barcode Printed
F007859,F007859,23Q5,LA PARAH,BATH SPONGES,HOME & LIVING,BATHROOM,24Q1,LADY,149,27.5987918,2. Barcode Printed
F007860,F007860,23Q5,LA PARAH,BATHROOM SET,HOME & LIVING,BATHROOM,24Q1,LADY,199,45.99798633,2. Barcode Printed
F007861,F007861,23Q5,LA PARAH,BATHROOM SET,HOME & LIVING,BATHROOM,24Q1,LADY,249,58.54289169,2. Barcode Printed
F007862,F007862,23Q5,LA PARAH,BATH SPONGES,HOME & LIVING,BATHROOM,24Q1,LADY,159,29.27144585,2. Barcode Printed
F007863,F007863,23Q5,LA PARAH,BATH SPONGES,HOME & LIVING,BATHROOM,24Q1,LADY,149,25.08981073,2. Barcode Printed
F007864,F007864,23Q5,LA PARAH,BATH SPONGES,HOME & LIVING,BATHROOM,24Q1,LADY,129,18.39919453,2. Barcode Printed
F007865,F007865,23Q5,LA PARAH,BATH SPONGES,HOME & LIVING,BATHROOM,24Q1,LADY,149,31.78042692,2. Barcode Printed
F007866,F007866,23Q5,LA PARAH,,,,24Q1,LADY,349,71.26960728,2. Barcode Printed
F007867,F007867,23Q5,LA PARAH,BEAUTY BLENDERS,HEALTH & BEAUTY,BEAUTY ACCESSORIES,24Q1,LADY,99,25.08981073,2. Barcode Printed
F007868,F007868,23Q5,LA PARAH,BEAUTY BLENDERS,HEALTH & BEAUTY,BEAUTY ACCESSORIES,24Q1,LADY,249,54.36125657,2. Barcode Printed
F007869,F007869,23Q5,LA PARAH,BEAUTY BLENDERS,HEALTH & BEAUTY,BEAUTY ACCESSORIES,24Q1,LADY,249,54.36125657,2. Barcode Printed
F007870,F007870,23Q5,LA PARAH,BEAUTY BLENDERS,HEALTH & BEAUTY,BEAUTY ACCESSORIES,24Q1,LADY,99,15.05388644,2. Barcode Printed
F007871,F007871,23Q5,LA PARAH,EYEBROW TRIMMERS,HEALTH & BEAUTY,BEAUTY TOOLS,24Q1,LADY,249,37.81652631,2. Barcode Printed
F007872,F007872,23Q5,LA PARAH,TWEEZERS,HEALTH & BEAUTY,BEAUTY TOOLS,24Q1,LADY,79,15.99929959,2. Barcode Printed
F007873,F007873,23Q5,LA PARAH,BODY LOTIONS,HEALTH & BEAUTY,PERSONAL CARE,24Q1,LADY,99,14.54481781,2. Barcode Printed
F007874,F007874,23Q5,LA PARAH,BODY LOTIONS,HEALTH & BEAUTY,PERSONAL CARE,24Q1,LADY,99,15.99929959,2. Barcode Printed
F007875,F007875,23Q5,LA PARAH,BODY LOTIONS,HEALTH & BEAUTY,PERSONAL CARE,24Q1,LADY,249,42.17997166,2. Barcode Printed
F007876,F007876,23Q5,LA PARAH,EYEBROW TRIMMERS,HEALTH & BEAUTY,BEAUTY TOOLS,24Q1,LADY,99,14.54481781,2. Barcode Printed
F007877,F007877,23Q5,LA PARAH,RAZORS,HEALTH & BEAUTY,BEAUTY TOOLS,24Q1,LADY,99,12.36309514,2. Barcode Printed
F007878,F007878,23Q5,LA PARAH,TWEEZERS,HEALTH & BEAUTY,BEAUTY TOOLS,24Q1,LADY,149,25.45343117,2. Barcode Printed
F007879,F007879,23Q5,LA PARAH,BEAUTY BLENDERS,HEALTH & BEAUTY,BEAUTY ACCESSORIES,24Q1,LADY,99,15.05388644,2. Barcode Printed
F007880,F007880,23Q5,LA PARAH,BEAUTY BLENDERS,HEALTH & BEAUTY,BEAUTY ACCESSORIES,24Q1,LADY,99,23.41715668,2. Barcode Printed
F007881,F007881,23Q5,LA PARAH,BEAUTY BLENDERS,HEALTH & BEAUTY,BEAUTY ACCESSORIES,24Q1,LADY,99,33.45308097,2. Barcode Printed
F007882,F007882,23Q5,LA PARAH,BEAUTY BLENDERS,HEALTH & BEAUTY,BEAUTY ACCESSORIES,24Q1,LADY,149,50.17962145,2. Barcode Printed
F007883,F007883,23Q5,LA PARAH,BEAUTY BLENDERS,HEALTH & BEAUTY,BEAUTY ACCESSORIES,24Q1,LADY,199,40.14369716,2. Barcode Printed
F007884,F007884,23Q5,LA PARAH,HAIRPINS,FASHION ACCESSORIES,HAIR ACCESSORIES,24Q1,LADY,99,23.99894939,2. Barcode Printed
F007885,F007885,23Q5,LA PARAH,HAIRPINS,FASHION ACCESSORIES,HAIR ACCESSORIES,24Q1,LADY,199,34.90756275,2. Barcode Printed
F007886,F007886,23Q5,LA PARAH,HAIRPINS,FASHION ACCESSORIES,HAIR ACCESSORIES,24Q1,LADY,99,13.09033603,2. Barcode Printed
F007887,F007887,23Q5,LA PARAH,BAGS,BAGS & WALLETS,BAGS,24Q1,LADY,1149,368.7111315,2. Barcode Printed
F007888,F007888,23Q5,LA PARAH,BAGS,BAGS & WALLETS,BAGS,24Q1,LADY,1049,340.3487368,2. Barcode Printed
F007889,F007889,23Q5,LA PARAH,BAGS,BAGS & WALLETS,BAGS,24Q1,LADY,1249,406.5276579,2. Barcode Printed
F007890,F007890,23Q5,LA PARAH,BAGS,BAGS & WALLETS,BAGS,24Q1,LADY,1299,425.435921,2. Barcode Printed
F007891,F007891,23Q5,LA PARAH,BAGS,BAGS & WALLETS,BAGS,24Q1,LADY,1099,359.257,2. Barcode Printed
F007892,F007892,23Q5,LA PARAH,BAGS,BAGS & WALLETS,BAGS,24Q1,LADY,1049,349.8028684,2. Barcode Printed
F007893,F007893,23Q5,LA PARAH,BAGS,BAGS & WALLETS,BAGS,24Q1,LADY,1049,349.8028684,2. Barcode Printed
F007894,F007894,23Q5,LA PARAH,BAGS,BAGS & WALLETS,BAGS,24Q1,LADY,1099,359.257,2. Barcode Printed
F007895,F007895,23Q5,LA PARAH,BAGS,BAGS & WALLETS,BAGS,24Q1,LADY,1299,425.435921,2. Barcode Printed
F007896,F007896,23Q5,LA PARAH,BAGS,BAGS & WALLETS,BAGS,24Q1,LADY,1249,406.5276579,2. Barcode Printed
F007897,F007897,23Q5,LA PARAH,BAGS,BAGS & WALLETS,BAGS,24Q1,LADY,799,255.2615526,2. Barcode Printed
F007898,F007898,23Q5,LA PARAH,BAGS,BAGS & WALLETS,BAGS,24Q1,LADY,1199,378.1652631,2. Barcode Printed
F007899,F007899,23Q5,LA PARAH,BAGS,BAGS & WALLETS,BAGS,24Q1,LADY,1399,378.1652631,2. Barcode Printed
F007900,F007900,23Q5,LA PARAH,BAGS,BAGS & WALLETS,BAGS,24Q1,LADY,1299,359.257,2. Barcode Printed
F007901,F007901,23Q5,LA PARAH,BAGS,BAGS & WALLETS,BAGS,24Q1,LADY,1099,378.1652631,2. Barcode Printed
F007902,F007902,23Q5,LA PARAH,BAGS,BAGS & WALLETS,BAGS,24Q1,LADY,1499,406.5276579,2. Barcode Printed
F007903,F007903,23Q5,LA PARAH,BAGS,BAGS & WALLETS,BAGS,24Q1,LADY,999,330.8946052,2. Barcode Printed
F007904,F007904,23Q5,LA PARAH,BAGS,BAGS & WALLETS,BAGS,24Q1,LADY,799,264.7156842,2. Barcode Printed
F007905,F007905,23Q5,LA PARAH,BAGS,BAGS & WALLETS,BAGS,24Q1,LADY,999,302.5322105,2. Barcode Printed
F007906,F007906,23Q5,LA PARAH,BAGS,BAGS & WALLETS,BAGS,24Q1,LADY,1499,359.257,2. Barcode Printed
F007907,F007907,23Q5,LA PARAH,BAGS,BAGS & WALLETS,BAGS,24Q1,LADY,1399,359.257,2. Barcode Printed
F007908,F007908,23Q5,LA PARAH,BAGS,BAGS & WALLETS,BAGS,24Q1,LADY,1099,274.1698158,2. Barcode Printed
F007909,F007909,23Q5,LA PARAH,BAGS,BAGS & WALLETS,BAGS,24Q1,LADY,999,302.5322105,2. Barcode Printed
F007910,F007910,23Q5,LA PARAH,BAGS,BAGS & WALLETS,BAGS,24Q1,LADY,799,245.807421,2. Barcode Printed
F007911,F007911,23Q5,LA PARAH,BAGS,BAGS & WALLETS,BAGS,24Q1,LADY,999,302.5322105,2. Barcode Printed
F007912,F007912,23Q5,LA PARAH,BAGS,BAGS & WALLETS,BAGS,24Q1,LADY,1299,340.3487368,2. Barcode Printed
F007913,F007913,23Q5,LA PARAH,BAGS,BAGS & WALLETS,BAGS,24Q1,LADY,999,302.5322105,2. Barcode Printed
F007914,F007914,23Q5,LA PARAH,BAGS,BAGS & WALLETS,BAGS,24Q1,LADY,499,226.8991579,2. Barcode Printed
F007915,F007915,23Q5,LA PARAH,BAGS,BAGS & WALLETS,BAGS,24Q1,LADY,399,189.0826316,2. Barcode Printed
F007929,F007929,23Q5,LA PARAH,BAGS,BAGS & WALLETS,BAGS,24Q1,LADY,1199,283.6239473,2. Barcode Printed
F007930,F007930,23Q5,LA PARAH,BAGS,BAGS & WALLETS,BAGS,24Q1,LADY,1099,321.4404737,2. Barcode Printed
F007931,F007931,23Q5,LA PARAH,BAGS,BAGS & WALLETS,BAGS,24Q1,LADY,1099,321.4404737,2. Barcode Printed
F007932,F007932,23Q5,LA PARAH,BAGS,BAGS & WALLETS,BAGS,24Q1,LADY,1199,349.8028684,2. Barcode Printed
F007933,F007933,23Q5,LA PARAH,BAGS,BAGS & WALLETS,BAGS,24Q1,LADY,1399,311.9863421,2. Barcode Printed
F007934,F007934,23Q5,LA PARAH,BAGS,BAGS & WALLETS,BAGS,24Q1,LADY,1199,302.5322105,2. Barcode Printed
F007976,F007976,23Q5,LA PARAH,BAGS,BAGS & WALLETS,BAGS,24Q1,LADY,1199,330.8946052,2. Barcode Printed
F007977,F007977,23Q5,LA PARAH,BAGS,BAGS & WALLETS,BAGS,24Q1,LADY,1199,349.8028684,2. Barcode Printed
F007978,F007978,23Q5,LA PARAH,BAGS,BAGS & WALLETS,BAGS,24Q1,LADY,799,189.0826316,2. Barcode Printed
F007979,F007979,23Q5,LA PARAH,BAGS,BAGS & WALLETS,BAGS,24Q1,LADY,1399,283.6239473,2. Barcode Printed
F007980,F007980,23Q5,LA PARAH,BAGS,BAGS & WALLETS,BAGS,24Q1,LADY,1399,330.8946052,2. Barcode Printed
F007981,F007981,23Q5,LA PARAH,BAGS,BAGS & WALLETS,BAGS,24Q1,LADY,1199,340.3487368,2. Barcode Printed
F007983,F007983,23Q5,LA PARAH,BAGS,BAGS & WALLETS,BAGS,24Q1,LADY,599,151.2661052,Check
F007984,F007984,23Q5,LA PARAH,BAGS,BAGS & WALLETS,BAGS,24Q1,LADY,599,151.2661052,Check
F007985,F007985,23Q5,LA PARAH,BAGS,BAGS & WALLETS,BAGS,24Q1,LADY,599,151.2661052,Check
F008288,F008288,23Q5,LA PARAH,SCARVES,FASHION ACCESSORIES,SCARVES & SHAWLS,24Q1,LADY,549,130.9033603,2. Barcode Printed
F008289,F008289,23Q5,LA PARAH,SCARVES,FASHION ACCESSORIES,SCARVES & SHAWLS,24Q1,LADY,599,145.4481781,2. Barcode Printed
F008290,F008290,23Q5,LA PARAH,BAGS,BAGS & WALLETS,BAGS,24Q1,LADY,999,321.4404737,Check
F008291,F008291,23Q5,LA PARAH,BAGS,BAGS & WALLETS,BAGS,24Q1,LADY,749,236.3532895,Check
UP007,6.97282E+12,23Q5,LA PARAH,STATIONERY SETS,STATIONERY,SETS,24Q1,KIDS,799,181.0829818,2. Barcode Printed
UP008,6.97282E+12,23Q5,LA PARAH,STATIONERY SETS,STATIONERY,SETS,24Q1,KIDS,799,171.6288502,2. Barcode Printed
UP009,6.97282E+12,23Q5,LA PARAH,STATIONERY SETS,STATIONERY,SETS,24Q1,KIDS,799,181.0829818,2. Barcode Printed
UP011,6.97282E+12,23Q5,LA PARAH,STATIONERY SETS,STATIONERY,SETS,24Q1,KIDS,799,181.0829818,2. Barcode Printed
U2060,6.97282E+12,23Q5,LA PARAH,STATIONERY SETS,STATIONERY,SETS,24Q1,KIDS,799,167.2654048,2. Barcode Printed
U2059,6.97282E+12,23Q5,LA PARAH,MECHANICAL PENCILS,STATIONERY,WRITING INSTRUMENTS,24Q1,KIDS,499,127.2671559,2. Barcode Printed
UP004-C,6.97282E+12,23Q5,LA PARAH,PENS,STATIONERY,WRITING INSTRUMENTS,24Q1,KIDS,149,23.99894939,2. Barcode Printed
U2069,6.97282E+12,23Q5,LA PARAH,PENCIL CASES,STATIONERY,SCHOOL SUPPLIES,24Q1,KIDS,599,127.2671559,2. Barcode Printed
U2054,6.97282E+12,23Q5,LA PARAH,BACKPACKS,BAGS & WALLETS,BACKPACKS,24Q1,KIDS,1099,330.8946052,2. Barcode Printed
F008343,F008343,23Q5,LA PARAH,BAGS,BAGS & WALLETS,BAGS,24Q1,KIDS,799,255.2615526,2. Barcode Printed
F008345,6.97282E+12,23Q5,LA PARAH,BAGS,BAGS & WALLETS,BAGS,24Q1,KIDS,1299,326.1675394,2. Barcode Printed
F008346,6.97282E+12,23Q5,LA PARAH,BAGS,BAGS & WALLETS,BAGS,24Q1,KIDS,1199,297.8051447,2. Barcode Printed
U2033,6.97282E+12,23Q5,LA PARAH,BACKPACKS,BAGS & WALLETS,BACKPACKS,24Q1,KIDS,1299,467.9795131,2. Barcode Printed
U2065,6.97282E+12,23Q5,LA PARAH,BACKPACKS,BAGS & WALLETS,BACKPACKS,24Q1,KIDS,1799,614.5185526,2. Barcode Printed
U2082,6.97282E+12,23Q5,LA PARAH,SUNGLASSES,FASHION ACCESSORIES,SUNGLASSES,24Q1,KIDS,449,127.2671559,2. Barcode Printed
F008353,6.97282E+12,23Q5,LA PARAH,BAGS,BAGS & WALLETS,BAGS,24Q1,KIDS,599,245.807421,2. Barcode Printed
U2072,6.97282E+12,23Q5,LA PARAH,BAGS,BAGS & WALLETS,BAGS,24Q1,KIDS,1299,363.9840658,2. Barcode Printed
U2071,6.97282E+12,23Q5,LA PARAH,BAGS,BAGS & WALLETS,BAGS,24Q1,KIDS,899,274.1698158,2. Barcode Printed
U2029,6.97282E+12,23Q5,LA PARAH,BAGS,BAGS & WALLETS,BAGS,24Q1,KIDS,1099,274.1698158,2. Barcode Printed
U2030,6.97282E+12,23Q5,LA PARAH,BAGS,BAGS & WALLETS,BAGS,24Q1,KIDS,799,264.7156842,2. Barcode Printed
F008358,F008358,23Q5,LA PARAH,STATIONERY SETS,STATIONERY,SETS,24Q1,KIDS,399,79.99649797,2. Barcode Printed
UP004-J,6.97282E+12,23Q5,LA PARAH,PENS,STATIONERY,WRITING INSTRUMENTS,24Q1,KIDS,149,23.99894939,2. Barcode Printed
UP004-G,6.97282E+12,23Q5,LA PARAH,PENS,STATIONERY,WRITING INSTRUMENTS,24Q1,KIDS,149,23.99894939,2. Barcode Printed
UP004-I,6.97282E+12,23Q5,LA PARAH,PENS,STATIONERY,WRITING INSTRUMENTS,24Q1,KIDS,149,23.99894939,2. Barcode Printed
UP004-H,6.97282E+12,23Q5,LA PARAH,PENS,STATIONERY,WRITING INSTRUMENTS,24Q1,KIDS,149,23.99894939,2. Barcode Printed
UP004-C,6.97282E+12,23Q5,LA PARAH,PENS,STATIONERY,WRITING INSTRUMENTS,24Q1,KIDS,149,23.99894939,2. Barcode Printed
F008364,F008364,23Q5,LA PARAH,BAGS,BAGS & WALLETS,BAGS,24Q1,KIDS,899,236.3532895,2. Barcode Printed
F008365,F008365,23Q5,LA PARAH,BAGS,BAGS & WALLETS,BAGS,24Q1,KIDS,999,236.3532895,2. Barcode Printed
U2077,6.97282E+12,23Q5,LA PARAH,BAGS,BAGS & WALLETS,BAGS,24Q1,KIDS,899,264.7156842,2. Barcode Printed
U2079,6.97282E+12,23Q5,LA PARAH,BAGS,BAGS & WALLETS,BAGS,24Q1,KIDS,999,236.3532895,2. Barcode Printed
U2048,6.97282E+12,23Q5,LA PARAH,STATIONERY SETS,STATIONERY,SETS,24Q1,KIDS,899,196.3550405,2. Barcode Printed
F008326,F008326,23Q5,LA PARAH,STATIONERY SETS,STATIONERY,SETS,24Q1,KIDS,899,196.3550405,2. Barcode Printed
U2051,6.97282E+12,23Q5,LA PARAH,CUPS & MUGS,HOME & LIVING,KITCHEN & DINING,24Q1,,799,171.44704,2. Barcode Printed
FA9346,8.37005E+12,23Q5,LA PARAH,CUPS & MUGS,HOME & LIVING,KITCHEN & DINING,24Q1,,549,200.7184858,2. Barcode Printed
FA9357,8.37005E+12,23Q5,LA PARAH,CUPS & MUGS,HOME & LIVING,KITCHEN & DINING,24Q1,,649,150.5388644,2. Barcode Printed
FA9358,8.37005E+12,23Q5,LA PARAH,CUPS & MUGS,HOME & LIVING,KITCHEN & DINING,24Q1,,699,133.8123239,2. Barcode Printed
F007999,F007999,23Q5,LA PARAH,,,,24Q1,,799,349.0756275,2. Barcode Printed
F008000,F008000,23Q5,LA PARAH,CAMERAS,ELECTRONIC,ELECTRONIC,24Q1,KIDS,1199,349.0756275,2. Barcode Printed
F008001,F008001,23Q5,LA PARAH,EARPHONES,PHONE ACCESSORIES,HEADPHONES AND EARPHONES,24Q1,KIDS,1099,327.2584008,2. Barcode Printed
F008002,F008002,23Q5,LA PARAH,EARPHONES,PHONE ACCESSORIES,HEADPHONES AND EARPHONES,24Q1,KIDS,1499,349.0756275,2. Barcode Printed
F008003,8.60554E+12,23Q5,LA PARAH,EARPHONES,PHONE ACCESSORIES,HEADPHONES AND EARPHONES,24Q1,KIDS,1299,276.3515384,2. Barcode Printed
F008004,2.95732E+11,23Q5,LA PARAH,EARPHONES,PHONE ACCESSORIES,HEADPHONES AND EARPHONES,24Q1,KIDS,1499,399.9824898,2. Barcode Printed
F008005,F008005,23Q5,LA PARAH,FANS PORTABLE,ELECTRONIC,ELECTRONIC,24Q1,KIDS,249,58.17927125,2. Barcode Printed
F008019,F008019,23Q5,LA PARAH,COSMETIC BAGS,BAGS & WALLETS,COSMETIC BAG,24Q1,LADY,599,146.5390395,2. Barcode Printed
F008020,F008020,23Q5,LA PARAH,COSMETIC BAGS,BAGS & WALLETS,COSMETIC BAG,24Q1,LADY,499,155.993171,2. Barcode Printed
F008021,F008021,23Q5,LA PARAH,COSMETIC BAGS,BAGS & WALLETS,COSMETIC BAG,24Q1,LADY,399,130.4670158,2. Barcode Printed
F008022,F008022,23Q5,LA PARAH,COSMETIC BAGS,BAGS & WALLETS,COSMETIC BAG,24Q1,LADY,599,130.4670158,2. Barcode Printed
F008023,F008023,23Q5,LA PARAH,COSMETIC BAGS,BAGS & WALLETS,COSMETIC BAG,24Q1,LADY,449,146.5390395,2. Barcode Printed
F008024,F008024,23Q5,LA PARAH,COSMETIC BAGS,BAGS & WALLETS,COSMETIC BAG,24Q1,LADY,499,155.993171,2. Barcode Printed
F008027,F008027,23Q5,LA PARAH,COSMETIC BAGS,BAGS & WALLETS,COSMETIC BAG,24Q1,LADY,549,130.4670158,2. Barcode Printed
F008028,F008028,23Q5,LA PARAH,COSMETIC BAGS,BAGS & WALLETS,COSMETIC BAG,24Q1,LADY,399,108.7225131,2. Barcode Printed
F008029,F008029,23Q5,LA PARAH,COSMETIC BAGS,BAGS & WALLETS,COSMETIC BAG,24Q1,LADY,179,45.37983157,2. Barcode Printed
23Q5_Q2_7,8205170032352,23Q5,LA PARAH,COSMETIC BAGS,BAGS & WALLETS,COSMETIC BAG,24Q2,LADY,599,130.4670158,2. Barcode Printed
F008030,F008030,23Q5,LA PARAH,COSMETIC BAGS,BAGS & WALLETS,COSMETIC BAG,24Q1,LADY,399,149.3752789,2. Barcode Printed
F008008,F008008,23Q5,LA PARAH,BAGS,BAGS & WALLETS,BAGS,24Q1,,299,94.54131578,2. Barcode Printed
F008011,F008011,23Q5,LA PARAH,BAGS,BAGS & WALLETS,BAGS,24Q1,,1299,316.7134079,2. Barcode Printed
F008012,F008012,23Q5,LA PARAH,BAGS,BAGS & WALLETS,BAGS,24Q1,,499,89.81424999,2. Barcode Printed
F008013,F008013,23Q5,LA PARAH,BAGS,BAGS & WALLETS,BAGS,24Q1,,499,127.6307763,2. Barcode Printed
F008014,F008014,23Q5,LA PARAH,BAGS,BAGS & WALLETS,BAGS,24Q1,,399,118.1766447,2. Barcode Printed
F008018,F008018,23Q5,LA PARAH,BAGS,BAGS & WALLETS,BAGS,24Q1,,499,146.5390395,2. Barcode Printed
F008033,F008033,23Q5,LA PARAH,BAGS,BAGS & WALLETS,BAGS,24Q1,,1499,368.7111315,2. Barcode Printed
F008038,F008038,23Q5,LA PARAH,LAPTOP HANDBAGS,BAGS & WALLETS,LAPTOP BAGS,24Q1,ALL,1399,245.807421,2. Barcode Printed
F008039,F008039,23Q5,LA PARAH,LAPTOP HANDBAGS,BAGS & WALLETS,LAPTOP BAGS,24Q1,ALL,1399,406.5276579,2. Barcode Printed
F008041,F008041,23Q5,LA PARAH,LAPTOP HANDBAGS,BAGS & WALLETS,LAPTOP BAGS,24Q1,ALL,1399,264.7156842,2. Barcode Printed
F008052,F008052,23Q5,LA PARAH,JEWELLERY BOXES,HOME & LIVING,STORAGE & ORGANIZER,24Q1,LADY,1149,434.8900526,2. Barcode Printed
F008054,F008054,23Q5,LA PARAH,STORAGE BOXES,HOME & LIVING,STORAGE & ORGANIZER,24Q1,LADY,299,104.540878,2. Barcode Printed
F008055,F008055,23Q5,LA PARAH,STORAGE BOXES,HOME & LIVING,STORAGE & ORGANIZER,24Q1,LADY,499,125.4490536,2. Barcode Printed
F008048,F008048,23Q5,LA PARAH,JEWELLERY BOXES,HOME & LIVING,STORAGE & ORGANIZER,24Q1,LADY,1149,434.8900526,2. Barcode Printed
F008049,F008049,23Q5,LA PARAH,JEWELLERY BOXES,HOME & LIVING,STORAGE & ORGANIZER,24Q1,LADY,299,170.1743684,2. Barcode Printed
F008050,F008050,23Q5,LA PARAH,JEWELLERY BOXES,HOME & LIVING,STORAGE & ORGANIZER,24Q1,LADY,699,264.7156842,2. Barcode Printed
F008051,F008051,23Q5,LA PARAH,JEWELLERY BOXES,HOME & LIVING,STORAGE & ORGANIZER,24Q1,LADY,2399,709.0598684,2. Barcode Printed
F008053,F008053,23Q5,LA PARAH,MIRRORED SUNGLASSES,FASHION ACCESSORIES,SUNGLASSES,24Q1,LADY,649,116.3585425,2. Barcode Printed
F008057,F008057,23Q5,LA PARAH,STORAGE BOXES,HOME & LIVING,STORAGE & ORGANIZER,24Q1,LADY,399,133.8123239,2. Barcode Printed
F008058,F008058,23Q5,LA PARAH,BAGS,BAGS & WALLETS,BAGS,24Q1,LADY,1249,241.0803552,2. Barcode Printed
F008059,F008059,23Q5,LA PARAH,BAGS,BAGS & WALLETS,BAGS,24Q1,LADY,1349,311.9863421,2. Barcode Printed
F008056,F008056,23Q5,LA PARAH,STORAGE BOXES,HOME & LIVING,STORAGE & ORGANIZER,24Q1,LADY,2199,459.9798633,2. Barcode Printed
F008060,F008060,23Q5,LA PARAH,BAGS,BAGS & WALLETS,BAGS,24Q1,LADY,349,89.81424999,2. Barcode Printed
F008061,F008061,23Q5,LA PARAH,BAGS,BAGS & WALLETS,BAGS,24Q1,LADY,349,80.36011841,2. Barcode Printed
F008062,F008062,23Q5,LA PARAH,BAGS,BAGS & WALLETS,BAGS,24Q1,LADY,299,66.17892105,2. Barcode Printed
F008063,F008063,23Q5,LA PARAH,BAGS,BAGS & WALLETS,BAGS,24Q1,LADY,229,47.27065789,2. Barcode Printed
F008064,F008064,23Q5,LA PARAH,BAGS,BAGS & WALLETS,BAGS,24Q1,LADY,399,89.81424999,2. Barcode Printed
F008065,F008065,23Q5,LA PARAH,BAGS,BAGS & WALLETS,BAGS,24Q1,LADY,299,85.0871842,2. Barcode Printed
F008066,F008066,23Q5,LA PARAH,BAGS,BAGS & WALLETS,BAGS,24Q1,LADY,1549,359.257,2. Barcode Printed
F008070,F008070,23Q5,LA PARAH,BAGS,BAGS & WALLETS,BAGS,24Q1,LADY,549,155.993171,2. Barcode Printed
F008071,F008071,23Q5,LA PARAH,BAGS,BAGS & WALLETS,BAGS,24Q1,LADY,449,122.9037105,2. Barcode Printed
F008073,F008073,23Q5,LA PARAH,BAGS,BAGS & WALLETS,BAGS,24Q1,LADY,249,89.81424999,2. Barcode Printed
F008074,F008074,23Q5,LA PARAH,BAGS,BAGS & WALLETS,BAGS,24Q1,LADY,249,85.0871842,2. Barcode Printed
F008075,F008075,23Q5,LA PARAH,BAGS,BAGS & WALLETS,BAGS,24Q1,LADY,299,122.9037105,2. Barcode Printed
F008082,F008082,23Q5,LA PARAH,BAGS,BAGS & WALLETS,BAGS,24Q1,LADY,349,80.36011841,2. Barcode Printed
F008083,F008083,23Q5,LA PARAH,BAGS,BAGS & WALLETS,BAGS,24Q1,LADY,349,80.36011841,2. Barcode Printed
F008086,F008086,23Q5,LA PARAH,JEWELLERY BOXES,HOME & LIVING,STORAGE & ORGANIZER,24Q1,LADY,2099,1229.037105,2. Barcode Printed
F008087,F008087,23Q5,LA PARAH,JEWELLERY BOXES,HOME & LIVING,STORAGE & ORGANIZER,24Q1,LADY,3149,1512.661052,2. Barcode Printed
F008088,4.51652E+12,23Q5,LA PARAH,POCKET MIRROR,HEALTH & BEAUTY,BEAUTY ACCESSORIES,24Q1,LADY,1949,581.7927125,2. Barcode Printed
F008089,F008089,23Q5,LA PARAH,TABLE MIRRORS,HEALTH & BEAUTY,BEAUTY ACCESSORIES,24Q1,LADY,1949,872.6890687,2. Barcode Printed
F008090,F008090,23Q5,LA PARAH,MAKE UP ORGANIZERS,HOME & LIVING,STORAGE & ORGANIZER,24Q1,LADY,1599,543.6125657,2. Barcode Printed
F008091,F008091,23Q5,LA PARAH,COSMETIC BRUSH,HEALTH & BEAUTY,BEAUTY TOOLS,24Q1,LADY,1149,292.7144585,2. Barcode Printed
F008092,F008092,23Q5,LA PARAH,COSMETIC BRUSH,HEALTH & BEAUTY,BEAUTY TOOLS,24Q1,LADY,1549,317.8042692,2. Barcode Printed
F008093,F008093,23Q5,LA PARAH,COSMETIC BRUSH,HEALTH & BEAUTY,BEAUTY TOOLS,24Q1,LADY,1549,317.8042692,2. Barcode Printed
F008094,F008094,23Q5,LA PARAH,COSMETIC BRUSH,HEALTH & BEAUTY,BEAUTY TOOLS,24Q1,LADY,1449,501.7962145,2. Barcode Printed
F008095,F008095,23Q5,LA PARAH,COSMETIC BRUSH,HEALTH & BEAUTY,BEAUTY TOOLS,24Q1,LADY,1199,401.4369716,2. Barcode Printed
F008096,F008096,23Q5,LA PARAH,WATER BOTTLES,HOME & LIVING,KITCHEN & DINING,24Q1,LADY,2399,836.3270242,2. Barcode Printed
F008097,F008097,23Q5,LA PARAH,NAIL CUTTERS,HEALTH & BEAUTY,BEAUTY TOOLS,24Q1,LADY,1199,363.6204453,2. Barcode Printed
F007712,F007712,23Q5,LA PARAH,BRA ACCESSORIES,HEALTH & BEAUTY,BEAUTY ACCESSORIES,24Q1,LADY,549,94.54131578,2. Barcode Printed
F007713,F007713,23Q5,LA PARAH,BRA ACCESSORIES,HEALTH & BEAUTY,BEAUTY ACCESSORIES,24Q1,LADY,249,72.72408906,2. Barcode Printed
F007714,F007714,23Q5,LA PARAH,BRA ACCESSORIES,HEALTH & BEAUTY,BEAUTY ACCESSORIES,24Q1,LADY,449,79.99649797,2. Barcode Printed
F007715,F007715,23Q5,LA PARAH,BRA ACCESSORIES,HEALTH & BEAUTY,BEAUTY ACCESSORIES,24Q1,LADY,749,130.9033603,2. Barcode Printed
F007716,F007716,23Q5,LA PARAH,BRA ACCESSORIES,HEALTH & BEAUTY,BEAUTY ACCESSORIES,24Q1,LADY,549,94.54131578,2. Barcode Printed
F007717,F007717,23Q5,LA PARAH,BRA ACCESSORIES,HEALTH & BEAUTY,BEAUTY ACCESSORIES,24Q1,LADY,249,72.72408906,2. Barcode Printed
F007718,F007718,23Q5,LA PARAH,BRA ACCESSORIES,HEALTH & BEAUTY,BEAUTY ACCESSORIES,24Q1,LADY,549,94.54131578,2. Barcode Printed
F007719,F007719,23Q5,LA PARAH,BRA ACCESSORIES,HEALTH & BEAUTY,BEAUTY ACCESSORIES,24Q1,LADY,549,94.54131578,2. Barcode Printed
F007720,F007720,23Q5,LA PARAH,BRA ACCESSORIES,HEALTH & BEAUTY,BEAUTY ACCESSORIES,24Q1,LADY,549,94.54131578,2. Barcode Printed
F007721,F007721,23Q5,LA PARAH,BRA ACCESSORIES,HEALTH & BEAUTY,BEAUTY ACCESSORIES,24Q1,LADY,549,94.54131578,2. Barcode Printed
F007722,F007722,23Q5,LA PARAH,BRA ACCESSORIES,HEALTH & BEAUTY,BEAUTY ACCESSORIES,24Q1,LADY,599,94.54131578,2. Barcode Printed
F007723,F007723,23Q5,LA PARAH,BRA ACCESSORIES,HEALTH & BEAUTY,BEAUTY ACCESSORIES,24Q1,LADY,549,94.54131578,2. Barcode Printed
F007731,F007731,23Q5,LA PARAH,BRA ACCESSORIES,HEALTH & BEAUTY,BEAUTY ACCESSORIES,24Q1,LADY,99,43.63445344,2. Barcode Printed
F007734,F007734,23Q5,LA PARAH,BRA ACCESSORIES,HEALTH & BEAUTY,BEAUTY ACCESSORIES,24Q1,LADY,249,43.63445344,2. Barcode Printed
F007736,F007736,23Q5,LA PARAH,BRA ACCESSORIES,HEALTH & BEAUTY,BEAUTY ACCESSORIES,24Q1,LADY,249,58.17927125,2. Barcode Printed
F007724,F007724,23Q5,LA PARAH,STORAGE BASKETS,HOME & LIVING,STORAGE & ORGANIZER,24Q1,ALL,149,33.45308097,2. Barcode Printed
F007725,4.97991E+12,23Q5,LA PARAH,STORAGE BASKETS,HOME & LIVING,STORAGE & ORGANIZER,24Q1,ALL,149,25.08981073,2. Barcode Printed
F007726,6.93665E+12,23Q5,LA PARAH,STORAGE BASKETS,HOME & LIVING,STORAGE & ORGANIZER,24Q1,ALL,149,41.81635121,2. Barcode Printed
F007727,F007727,23Q5,LA PARAH,STORAGE BASKETS,HOME & LIVING,STORAGE & ORGANIZER,24Q1,ALL,149,41.81635121,2. Barcode Printed
F007728,F007728,23Q5,LA PARAH,BRA ACCESSORIES,HEALTH & BEAUTY,BEAUTY ACCESSORIES,24Q1,LADY,99,27.63515384,2. Barcode Printed
F007729,F007729,23Q5,LA PARAH,BRA ACCESSORIES,HEALTH & BEAUTY,BEAUTY ACCESSORIES,24Q1,LADY,49,5.090686234,2. Barcode Printed
F007730,F007730,23Q5,LA PARAH,BRA ACCESSORIES,HEALTH & BEAUTY,BEAUTY ACCESSORIES,24Q1,LADY,199,58.17927125,2. Barcode Printed
F007732,F007732,23Q5,LA PARAH,BRA ACCESSORIES,HEALTH & BEAUTY,BEAUTY ACCESSORIES,24Q1,LADY,499,109.0861336,2. Barcode Printed
F007733,F007733,23Q5,LA PARAH,BRA ACCESSORIES,HEALTH & BEAUTY,BEAUTY ACCESSORIES,24Q1,LADY,499,109.0861336,2. Barcode Printed
F007735,F007735,23Q5,LA PARAH,BRA ACCESSORIES,HEALTH & BEAUTY,BEAUTY ACCESSORIES,24Q1,LADY,149,36.36204453,2. Barcode Printed
F007737,6.95135E+12,23Q5,LA PARAH,MAKEUP BRUSHES,HEALTH & BEAUTY,BEAUTY TOOLS,24Q1,LADY,249,42.48541283,2. Barcode Printed
F007738,6.95135E+12,23Q5,LA PARAH,MAKEUP BRUSHES,HEALTH & BEAUTY,BEAUTY TOOLS,24Q1,LADY,249,45.41255741,2. Barcode Printed
F007739,6.95135E+12,23Q5,LA PARAH,MAKEUP BRUSHES,HEALTH & BEAUTY,BEAUTY TOOLS,24Q1,LADY,349,72.92771651,2. Barcode Printed
F007740,6.95135E+12,23Q5,LA PARAH,MAKEUP BRUSHES,HEALTH & BEAUTY,BEAUTY TOOLS,24Q1,LADY,349,72.92771651,2. Barcode Printed
F007741,6.95135E+12,23Q5,LA PARAH,MAKEUP BRUSHES,HEALTH & BEAUTY,BEAUTY TOOLS,24Q1,LADY,349,84.30176404,2. Barcode Printed
F007742,F007742,23Q5,LA PARAH,BEAUTY BLENDERS,HEALTH & BEAUTY,BEAUTY ACCESSORIES,24Q1,LADY,149,49.17602902,2. Barcode Printed
F007743,6.95135E+12,23Q5,LA PARAH,BEAUTY BLENDERS,HEALTH & BEAUTY,BEAUTY ACCESSORIES,24Q1,LADY,149,40.72912608,2. Barcode Printed
F007744,6.95135E+12,23Q5,LA PARAH,BEAUTY TOOLS SET,HEALTH & BEAUTY,BEAUTY TOOLS,24Q1,LADY,99,18.39919453,2. Barcode Printed
F007745,6.95135E+12,23Q5,LA PARAH,BEAUTY TOOLS SET,HEALTH & BEAUTY,BEAUTY TOOLS,24Q1,LADY,99,18.39919453,2. Barcode Printed
F007746,6.95135E+12,23Q5,LA PARAH,EYE LASHES,HEALTH & BEAUTY,BEAUTY ACCESSORIES,24Q1,LADY,399,39.48918036,2. Barcode Printed
F007747,6.95135E+12,23Q5,LA PARAH,EYE LASHES,HEALTH & BEAUTY,BEAUTY ACCESSORIES,24Q1,LADY,199,33.8894255,2. Barcode Printed
F007748,6.95135E+12,23Q5,LA PARAH,CUTTER,STATIONERY,SCHOOL SUPPLIES,24Q1,LADY,149,21.81722672,2. Barcode Printed
J1047,6.95135E+12,23Q5,LA PARAH,SCISSORS,STATIONERY,SCHOOL SUPPLIES,24Q1,LADY,199,39.48918036,2. Barcode Printed
F007750,F007750,23Q5,LA PARAH,SCISSORS,STATIONERY,SCHOOL SUPPLIES,24Q1,LADY,199,39.48918036,2. Barcode Printed
F007751,6.95135E+12,23Q5,LA PARAH,SCISSORS,STATIONERY,SCHOOL SUPPLIES,24Q1,LADY,199,40.50731761,2. Barcode Printed
F007752,F007752,23Q5,LA PARAH,SCISSORS,STATIONERY,SCHOOL SUPPLIES,24Q1,LADY,199,39.48918036,2. Barcode Printed
F007753,F007753,23Q5,LA PARAH,SCISSORS,STATIONERY,SCHOOL SUPPLIES,24Q1,LADY,129,27.34425749,2. Barcode Printed
F007754,6.95135E+12,23Q5,LA PARAH,NAIL CUTTERS,HEALTH & BEAUTY,BEAUTY TOOLS,24Q1,LADY,299,33.16218461,2. Barcode Printed
F007755,F007755,23Q5,LA PARAH,NAIL CUTTERS,HEALTH & BEAUTY,BEAUTY TOOLS,24Q1,LADY,299,44.21624615,2. Barcode Printed
F007756,6.95135E+12,23Q5,LA PARAH,,,,24Q1,,149,50.68869008,2. Barcode Printed
F007757,6.95135E+12,23Q5,LA PARAH,,,,24Q1,,149,44.57986659,2. Barcode Printed
F008179,6.95135E+12,23Q5,LA PARAH,BAGS,BAGS & WALLETS,BAGS,24Q1,LADY,49,14.55936263,2. Barcode Printed
F008180,F008180,23Q5,LA PARAH,TWEEZERS,HEALTH & BEAUTY,BEAUTY TOOLS,24Q1,LADY,99,20.72636538,2. Barcode Printed
F008181,6.95135E+12,23Q5,LA PARAH,COSMETIC BAGS,BAGS & WALLETS,COSMETIC BAG,24Q1,LADY,399,137.3685318,2. Barcode Printed
F008182,6.95135E+12,23Q5,LA PARAH,,,,24Q1,,129,13.81757692,2. Barcode Printed
F008183,6.95135E+12,23Q5,LA PARAH,,,,24Q1,,249,46.32524473,2. Barcode Printed
F008184,6.95135E+12,23Q5,LA PARAH,,,,24Q1,,149,26.25339615,2. Barcode Printed
F008185,F008185,23Q5,LA PARAH,,,,24Q1,,249,21.81722672,2. Barcode Printed
F008186,6.95135E+12,23Q5,LA PARAH,POCKET MIRROR,HEALTH & BEAUTY,BEAUTY ACCESSORIES,24Q1,,149,26.25339615,2. Barcode Printed
F008187,6.95135E+12,23Q5,LA PARAH,,,,24Q1,,299,63.63357793,2. Barcode Printed
F008188,6.95135E+12,23Q5,LA PARAH,,,,24Q1,,119,30.32594514,2. Barcode Printed
F008189,6.95135E+12,23Q5,LA PARAH,,,,24Q1,,119,30.32594514,2. Barcode Printed
F008190,6.95135E+12,23Q5,LA PARAH,,,,24Q1,,149,41.16183441,2. Barcode Printed
F008191,6.95135E+12,23Q5,LA PARAH,,,,24Q1,,299,57.30658218,2. Barcode Printed
F008192,6.95135E+12,23Q5,LA PARAH,,,,24Q1,,249,50.5432419,2. Barcode Printed
F008193,F008193,23Q5,LA PARAH,,,,24Q1,,249,54.97941133,2. Barcode Printed
F007758,6.95135E+12,23Q5,LA PARAH,,,,24Q1,,159,43.92534979,2. Barcode Printed
F007759,6.95135E+12,23Q5,LA PARAH,,,,24Q1,,149,44.57986659,2. Barcode Printed
F007760,6.95135E+12,23Q5,LA PARAH,,,,24Q1,,149,50.68869008,2. Barcode Printed
F007761,6.95135E+12,23Q5,LA PARAH,,,,24Q1,,99,29.30780789,2. Barcode Printed
F007762,6.95135E+12,23Q5,LA PARAH,,,,24Q1,,99,26.76246477,2. Barcode Printed
F008130,6.95135E+12,23Q5,LA PARAH,,,,24Q1,,99,25.96249979,2. Barcode Printed
J1103,6.95135E+12,23Q5,LA PARAH,MAKE UP ORGANIZERS,HOME & LIVING,STORAGE & ORGANIZER,24Q1,LADY,349,58.29199359,2. Barcode Printed
F008133,6.95135E+12,23Q5,LA PARAH,,,,24Q1,,149,29.30780789,2. Barcode Printed
J1120,6.95135E+12,23Q5,LA PARAH,MAKE UP ORGANIZERS,HOME & LIVING,STORAGE & ORGANIZER,24Q1,LADY,99,20.99180831,2. Barcode Printed
F008135,F008135,23Q5,LA PARAH,,,,24Q1,,249,50.5432419,2. Barcode Printed
F008136,F008136,23Q5,LA PARAH,,,,24Q1,,249,50.5432419,2. Barcode Printed
F008137,F008137,23Q5,LA PARAH,,,,24Q1,,249,54.97941133,2. Barcode Printed
F008138,F008138,23Q5,LA PARAH,,,,24Q1,,249,38.39831902,2. Barcode Printed
F008139,F008139,23Q5,LA PARAH,,,,24Q1,,99,17.96285,2. Barcode Printed
J1102,6.95135E+12,23Q5,LA PARAH,COSMETIC BAGS,BAGS & WALLETS,COSMETIC BAG,24Q1,LADY,299,82.44002736,2. Barcode Printed
J0526,6.95135E+12,23Q5,LA PARAH,,,,24Q1,,299,62.17909615,2. Barcode Printed
F008144,F008144,23Q5,LA PARAH,,,,24Q1,,149,18.39919453,2. Barcode Printed
J0461,6.95135E+12,23Q5,LA PARAH,,,,24Q1,LADY,149,23.05353623,2. Barcode Printed
J0936,6.95135E+12,23Q5,LA PARAH,CUPS & MUGS,HOME & LIVING,KITCHEN & DINING,24Q1,LADY,349,169.5234878,2. Barcode Printed
J0938,6.95135E+12,23Q5,LA PARAH,,,,24Q1,,549,156.5749637,2. Barcode Printed
J0972,6.95135E+12,23Q5,LA PARAH,STORAGE BOXES,HOME & LIVING,STORAGE & ORGANIZER,24Q1,LADY,149,34.95846961,2. Barcode Printed
F008147,F008147,23Q5,LA PARAH,,,,24Q1,,149,23.2717085,2. Barcode Printed
F008151,F008151,23Q5,LA PARAH,,,,24Q1,,99,15.34478279,2. Barcode Printed
F008155,6.95135E+12,23Q5,LA PARAH,,,,24Q1,,199,41.16183441,2. Barcode Printed
F008157,F008157,23Q5,LA PARAH,,,,24Q1,,649,110.7587876,2. Barcode Printed
F008159,6.95135E+12,23Q5,LA PARAH,NAIL CUTTERS,HEALTH & BEAUTY,BEAUTY TOOLS,24Q1,LADY,299,36.36204453,2. Barcode Printed
F008160,F008160,23Q5,LA PARAH,,,,24Q1,,99,19.34460769,2. Barcode Printed
F008162,F008162,23Q5,LA PARAH,TOOTHBRUSHES,HEALTH & BEAUTY,PERSONAL CARE,24Q1,LADY,99,31.78042692,2. Barcode Printed
J0024,6.95135E+12,23Q5,LA PARAH,,,,24Q1,,49,23.2717085,2. Barcode Printed
J0150,6.95135E+12,23Q5,LA PARAH,,,,24Q1,LADY,99,8.145097975,2. Barcode Printed
J0153,6.95135E+12,23Q5,LA PARAH,,,,24Q1,LADY,149,27.34425749,2. Barcode Printed
J0172,6.95135E+12,23Q5,LA PARAH,BEAUTY BLENDERS,HEALTH & BEAUTY,BEAUTY ACCESSORIES,24Q1,LADY,129,22.24629884,2. Barcode Printed
J0258,6.95135E+12,23Q5,LA PARAH,COSMETIC TRAVEL BOTTLE,HEALTH & BEAUTY,BEAUTY TOOLS,24Q1,LADY,99,17.64650021,2. Barcode Printed
J0259,6.95135E+12,23Q5,LA PARAH,COSMETIC TRAVEL BOTTLE,HEALTH & BEAUTY,BEAUTY TOOLS,24Q1,LADY,79,14.71935563,2. Barcode Printed
J0260,6.95135E+12,23Q5,LA PARAH,COSMETIC TRAVEL BOTTLE,HEALTH & BEAUTY,BEAUTY TOOLS,24Q1,LADY,99,14.71935563,2. Barcode Printed
J0395,6.95135E+12,23Q5,LA PARAH,,,,24Q1,LADY,249,46.32524473,2. Barcode Printed
J0519,6.95135E+12,23Q5,LA PARAH,CUPS & MUGS,HOME & LIVING,KITCHEN & DINING,24Q1,LADY,149,35.46026583,2. Barcode Printed
J0800,6.95135E+12,23Q5,LA PARAH,,,,24Q1,LADY,199,44.14352206,2. Barcode Printed
J1180,F008163,23Q5,LA PARAH,,,,24Q1,LADY,129,31.78042692,2. Barcode Printed
F008164,F008164,23Q5,LA PARAH,,,,24Q1,,99,28.79873927,2. Barcode Printed
J0993,6.95135E+12,23Q5,LA PARAH,,,,24Q1,,399,63.99719837,2. Barcode Printed
F008166,F008166,23Q5,LA PARAH,,,,24Q1,,99,11.63585425,2. Barcode Printed
J0736,6.95135E+12,23Q5,LA PARAH,,,,24Q1,,199,50.68869008,2. Barcode Printed
J0990,6.95135E+12,23Q5,LA PARAH,COTTON BUDS,HEALTH & BEAUTY,BEAUTY TOOLS,24Q1,LADY,299,62.61544068,2. Barcode Printed
J0989,6.95135E+12,23Q5,LA PARAH,COTTON PADS,HEALTH & BEAUTY,BEAUTY TOOLS,24Q1,LADY,299,64.94261153,2. Barcode Printed
F008170,F008170,23Q5,LA PARAH,,,,24Q1,,149,54.97941133,2. Barcode Printed
J1053,6.95135E+12,23Q5,LA PARAH,NAIL CUTTERS,HEALTH & BEAUTY,BEAUTY TOOLS,24Q1,LADY,129,27.34425749,2. Barcode Printed
F008172,6.95135E+12,23Q5,LA PARAH,MAKEUP BRUSHES,HEALTH & BEAUTY,BEAUTY TOOLS,24Q1,,249,62.64089411,2. Barcode Printed
J1173,6.95135E+12,23Q5,LA PARAH,BAGS,BAGS & WALLETS,BAGS,24Q1,LADY,449,130.5615571,2. Barcode Printed
J1188,6.95135E+12,23Q5,LA PARAH,BAGS,BAGS & WALLETS,BAGS,24Q1,LADY,249,71.56777605,2. Barcode Printed
F008176,F008176,23Q5,LA PARAH,,,,24Q1,,149,32.87128826,2. Barcode Printed
J1213,6.95135E+12,23Q5,LA PARAH,NAIL CUTTERS,HEALTH & BEAUTY,BEAUTY TOOLS,24Q1,LADY,149,54.97941133,2. Barcode Printed
J1197,6.95135E+12,23Q5,LA PARAH,HAIR COMBS,HEALTH & BEAUTY,BEAUTY TOOLS,24Q1,LADY,149,42.90357634,2. Barcode Printed
J1201,6.95135E+12,23Q5,LA PARAH,,,,24Q1,,129,34.5439423,2. Barcode Printed
F008205,F008205,23Q5,LA PARAH,HAIR CLIPS,FASHION ACCESSORIES,HAIR ACCESSORIES,24Q1,LADY,299,79.99649797,2. Barcode Printed
F008206,F008206,23Q5,LA PARAH,HAIR CLIPS,FASHION ACCESSORIES,HAIR ACCESSORIES,24Q1,LADY,499,145.4481781,2. Barcode Printed
F008207,F008207,23Q5,LA PARAH,HAIR CLIPS,FASHION ACCESSORIES,HAIR ACCESSORIES,24Q1,LADY,349,58.17927125,2. Barcode Printed
F008208,F008208,23Q5,LA PARAH,HAIR CLIPS,FASHION ACCESSORIES,HAIR ACCESSORIES,24Q1,LADY,299,43.63445344,2. Barcode Printed
F008209,F008209,23Q5,LA PARAH,HAIR CLIPS,FASHION ACCESSORIES,HAIR ACCESSORIES,24Q1,LADY,149,58.17927125,2. Barcode Printed
F008210,F008210,23Q5,LA PARAH,HAIR CLIPS,FASHION ACCESSORIES,HAIR ACCESSORIES,24Q1,LADY,249,65.45168016,2. Barcode Printed
F008211,F008211,23Q5,LA PARAH,SUNGLASSES,FASHION ACCESSORIES,SUNGLASSES,24Q1,LADY,2499,199.9912449,2. Barcode Printed
F008260,F008260,23Q5,LA PARAH,POWDERS,HEALTH & BEAUTY,MAKE-UP / COSMETIC,24Q1,LADY,99,7.272408906,2. Barcode Printed
F008261,6.97436E+12,23Q5,LA PARAH,HAIR BANDS,FASHION ACCESSORIES,HAIR ACCESSORIES,24Q1,LADY,299,37.81652631,2. Barcode Printed
F008262,4.89707E+12,23Q5,LA PARAH,EYE MASKS,HEALTH & BEAUTY,BEAUTY ACCESSORIES,24Q1,LADY,199,30.54411741,2. Barcode Printed
F008263,6.97436E+12,23Q5,LA PARAH,HAIR BANDS,FASHION ACCESSORIES,HAIR ACCESSORIES,24Q1,LADY,249,39.99824898,2. Barcode Printed
F008264,6.94318E+12,23Q5,LA PARAH,GLOVES,FASHION ACCESSORIES,GLOVES & MITTENS,24Q1,LADY,149,25.45343117,2. Barcode Printed
F008265,6.97436E+12,23Q5,LA PARAH,HAIR BANDS,FASHION ACCESSORIES,HAIR ACCESSORIES,24Q1,LADY,149,25.45343117,2. Barcode Printed
F008266,F008266,23Q5,LA PARAH,POWDERS,HEALTH & BEAUTY,MAKE-UP / COSMETIC,24Q1,LADY,49,14.54481781,2. Barcode Printed
F008267,4.89707E+12,23Q5,LA PARAH,TOWELS,HOME & LIVING,BATHROOM,24Q1,,299,62.72452682,2. Barcode Printed
F008268,4.89707E+12,23Q5,LA PARAH,EYE MASKS,HEALTH & BEAUTY,BEAUTY ACCESSORIES,24Q1,,199,32.72584008,2. Barcode Printed
F008269,4.89707E+12,23Q5,LA PARAH,EYE SOOTHERS,HEALTH & BEAUTY,BEAUTY ACCESSORIES,24Q1,LADY,149,23.2717085,2. Barcode Printed
F008270,6.97629E+12,23Q5,LA PARAH,TOWELS,HOME & LIVING,BATHROOM,24Q1,ALL,149,133.8123239,2. Barcode Printed
F008271,6.92044E+12,23Q5,LA PARAH,BATH SPONGES,HOME & LIVING,BATHROOM,24Q1,ALL,149,25.08981073,2. Barcode Printed
F008272,6.97436E+12,23Q5,LA PARAH,HAIR BANDS,FASHION ACCESSORIES,HAIR ACCESSORIES,24Q1,,249,37.81652631,2. Barcode Printed
F008273,4.89707E+12,23Q5,LA PARAH,TOWELS,HOME & LIVING,BATHROOM,24Q1,LADY,299,62.72452682,2. Barcode Printed
F008274,F008274,23Q5,LA PARAH,TOWELS,HOME & LIVING,BATHROOM,24Q1,ALL,299,31.78042692,2. Barcode Printed
F008275,6.97629E+12,23Q5,LA PARAH,TOWELS,HOME & LIVING,BATHROOM,24Q1,ALL,149,31.78042692,2. Barcode Printed
F008276,6.97436E+12,23Q5,LA PARAH,HAIR BANDS,FASHION ACCESSORIES,HAIR ACCESSORIES,24Q1,,249,39.99824898,2. Barcode Printed
F008277,F008277,23Q5,LA PARAH,TOWELS,HOME & LIVING,BATHROOM,24Q1,ALL,399,137.993959,2. Barcode Printed
F008278,4.89707E+12,23Q5,LA PARAH,TOWELS,HOME & LIVING,BATHROOM,24Q1,ALL,299,65.23350789,2. Barcode Printed